chain, residue_label, residue_name, score, zscore, probability, pocket
A,    1, PRO,  0.2666,  -0.2308,   0.0113, 0
A,    2, GLN,  0.1289,  -0.3076,   0.0034, 0
A,    3, VAL,  0.2443,  -0.2433,   0.0097, 0
A,    4, THR,  0.1894,  -0.2739,   0.0063, 0
A,    5, LEU,  0.0731,  -0.3387,   0.0016, 0
A,    6, TRP,  0.2096,  -0.2626,   0.0074, 0
A,    7, GLN,  0.2334,  -0.2493,   0.0090, 0
A,    8, ARG,  0.5337,  -0.0820,   0.0409, 1
A,    9, PRO,  0.1796,  -0.2794,   0.0057, 0
A,   10, LEU,  0.2595,  -0.2348,   0.0108, 0
A,   11, VAL,  0.2824,  -0.2220,   0.0125, 0
A,   12, THR,  0.1778,  -0.2804,   0.0056, 0
A,   13, ILE,  0.0156,  -0.3708,   0.0004, 0
A,   14, LYS,  0.1858,  -0.2759,   0.0061, 0
A,   15, ILE,  0.3747,  -0.1706,   0.0209, 0
A,   16, GLY,  0.3810,  -0.1671,   0.0215, 0
A,   17, GLY,  0.3809,  -0.1672,   0.0215, 0
A,   18, GLN,  0.2346,  -0.2487,   0.0090, 0
A,   19, LEU,  0.0265,  -0.3647,   0.0006, 0
A,   20, LYS,  0.0300,  -0.3628,   0.0006, 0
A,   21, GLU,  0.0150,  -0.3711,   0.0004, 0
A,   22, ALA,  0.0012,  -0.3788,   0.0002, 0
A,   23, LEU,  2.3186,   0.9129,   0.4846, 1
A,   24, LEU,  0.1809,  -0.2786,   0.0058, 0
A,   25, ASP,  6.8558,   3.4419,   0.9130, 1
A,   26, THR,  0.5509,  -0.0724,   0.0434, 0
A,   27, GLY,  5.4128,   2.6377,   0.8505, 1
A,   28, ALA,  5.0344,   2.4267,   0.8272, 1
A,   29, ASP,  2.7315,   1.1431,   0.5654, 1
A,   30, ASP,  1.3835,   0.3917,   0.2489, 1
A,   31, THR,  0.1082,  -0.3191,   0.0026, 0
A,   32, VAL,  1.1538,   0.2637,   0.1832, 1
A,   33, LEU,  0.0000,  -0.3795,   0.0002, 0
A,   34, GLU,  0.0097,  -0.3740,   0.0004, 0
A,   35, GLU,  0.0384,  -0.3580,   0.0008, 0
A,   36, MET,  0.0570,  -0.3477,   0.0012, 0
A,   37, SER,  0.0522,  -0.3504,   0.0011, 0
A,   38, LEU,  0.1987,  -0.2687,   0.0068, 0
A,   39, PRO,  0.2812,  -0.2227,   0.0124, 0
A,   40, GLY,  0.0696,  -0.3407,   0.0015, 0
A,   41, ARG,  0.0890,  -0.3298,   0.0020, 0
A,   42, TRP,  0.1487,  -0.2966,   0.0043, 0
A,   43, LYS,  0.0436,  -0.3552,   0.0009, 0
A,   44, PRO,  0.0596,  -0.3462,   0.0012, 0
A,   45, LYS,  0.0819,  -0.3338,   0.0018, 0
A,   46, MET,  0.2138,  -0.2603,   0.0077, 0
A,   47, ILE,  1.5122,   0.4635,   0.2861, 1
A,   48, GLY,  1.6793,   0.5566,   0.3319, 1
A,   49, GLY,  2.4587,   0.9910,   0.5138, 1
A,   50, ILE,  4.4905,   2.1235,   0.7866, 1
A,   51, GLY,  0.7587,   0.0434,   0.0820, 0
A,   52, GLY,  0.1267,  -0.3089,   0.0033, 0
A,   53, PHE,  0.3769,  -0.1694,   0.0211, 0
A,   54, ILE,  0.0736,  -0.3385,   0.0016, 0
A,   55, LYS,  0.0616,  -0.3451,   0.0013, 0
A,   56, VAL,  0.0246,  -0.3657,   0.0006, 0
A,   57, ARG,  0.0849,  -0.3321,   0.0019, 0
A,   58, GLN,  0.0190,  -0.3689,   0.0005, 0
A,   59, TYR,  0.0654,  -0.3430,   0.0014, 0
A,   60, ASP,  0.1057,  -0.3205,   0.0025, 0
A,   61, GLN,  0.2066,  -0.2643,   0.0072, 0
A,   62, ILE,  0.2263,  -0.2533,   0.0085, 0
A,   63, LEU,  0.3983,  -0.1575,   0.0234, 0
A,   64, ILE,  0.1281,  -0.3080,   0.0034, 0
A,   65, GLU,  0.0667,  -0.3423,   0.0014, 0
A,   66, ILE,  0.0204,  -0.3681,   0.0005, 0
A,   67, CSO,  0.2878,  -0.2190,   0.0130, 0
A,   68, GLY,  0.0903,  -0.3291,   0.0020, 0
A,   69, HIS,  0.0543,  -0.3492,   0.0011, 0
A,   70, LYS,  0.0205,  -0.3680,   0.0005, 0
A,   71, ALA,  0.0095,  -0.3741,   0.0003, 0
A,   72, ILE,  0.2247,  -0.2542,   0.0084, 0
A,   73, GLY,  0.2315,  -0.2504,   0.0088, 0
A,   74, THR,  0.2520,  -0.2390,   0.0102, 0
A,   75, VAL,  0.0000,  -0.3795,   0.0002, 0
A,   76, LEU,  0.0366,  -0.3590,   0.0008, 1
A,   77, VAL,  0.0109,  -0.3734,   0.0004, 0
A,   78, GLY,  0.0113,  -0.3732,   0.0004, 0
A,   79, PRO,  0.0640,  -0.3438,   0.0013, 0
A,   80, THR,  0.2472,  -0.2417,   0.0099, 0
A,   81, PRO,  0.1369,  -0.3031,   0.0037, 1
A,   82, VAL,  1.1859,   0.2816,   0.1923, 1
A,   83, ASN,  0.0105,  -0.3736,   0.0004, 0
A,   84, ILE,  5.0719,   2.4476,   0.8297, 1
A,   85, ILE,  0.0000,  -0.3795,   0.0002, 0
A,   86, GLY,  0.0000,  -0.3795,   0.0002, 0
A,   87, ARG,  0.0345,  -0.3602,   0.0007, 0
A,   88, ASN,  0.2668,  -0.2307,   0.0113, 0
A,   89, LEU,  0.1295,  -0.3073,   0.0034, 0
A,   90, LEU,  0.0355,  -0.3597,   0.0007, 0
A,   91, THR,  0.1071,  -0.3198,   0.0026, 0
A,   92, GLN,  0.2876,  -0.2191,   0.0130, 0
A,   93, ILE,  0.0228,  -0.3667,   0.0005, 0
A,   94, GLY,  0.0871,  -0.3309,   0.0019, 0
A,   95, ALA,  0.0519,  -0.3505,   0.0011, 0
A,   96, THR,  0.1094,  -0.3185,   0.0027, 0
A,   97, LEU,  0.0000,  -0.3795,   0.0002, 0
A,   98, ASN,  0.0862,  -0.3314,   0.0019, 0
A,   99, PHE,  0.0937,  -0.3272,   0.0021, 0
B,    1, PRO,  0.0943,  -0.3269,   0.0022, 0
B,    2, GLN,  0.0945,  -0.3268,   0.0022, 0
B,    3, VAL,  0.1040,  -0.3215,   0.0025, 0
B,    4, THR,  0.0967,  -0.3255,   0.0022, 0
B,    5, LEU,  0.0695,  -0.3407,   0.0015, 0
B,    6, TRP,  0.1478,  -0.2971,   0.0042, 0
B,    7, GLN,  0.0261,  -0.3649,   0.0006, 0
B,    8, ARG,  1.6556,   0.5434,   0.3255, 1
B,    9, PRO,  0.0213,  -0.3676,   0.0005, 0
B,   10, LEU,  0.0897,  -0.3294,   0.0020, 0
B,   11, VAL,  0.1073,  -0.3196,   0.0026, 0
B,   12, THR,  0.1250,  -0.3098,   0.0033, 0
B,   13, ILE,  0.1418,  -0.3004,   0.0040, 0
B,   14, LYS,  0.1659,  -0.2870,   0.0051, 0
B,   15, ILE,  0.4115,  -0.1501,   0.0248, 0
B,   16, GLY,  0.3356,  -0.1924,   0.0171, 0
B,   17, GLY,  0.3238,  -0.1990,   0.0160, 0
B,   18, GLN,  0.1714,  -0.2839,   0.0053, 0
B,   19, LEU,  0.0696,  -0.3407,   0.0015, 0
B,   20, LYS,  0.0710,  -0.3399,   0.0015, 0
B,   21, GLU,  0.0497,  -0.3518,   0.0010, 0
B,   22, ALA,  0.0945,  -0.3268,   0.0022, 0
B,   23, LEU,  2.7724,   1.1659,   0.5729, 1
B,   24, LEU,  0.0415,  -0.3563,   0.0008, 0
B,   25, ASP,  6.9566,   3.4982,   0.9161, 1
B,   26, THR,  1.0762,   0.2204,   0.1616, 0
B,   27, GLY,  4.7581,   2.2727,   0.8074, 1
B,   28, ALA,  4.6487,   2.2117,   0.7988, 1
B,   29, ASP,  2.3545,   0.9329,   0.4922, 1
B,   30, ASP,  0.7364,   0.0310,   0.0773, 1
B,   31, THR,  0.1378,  -0.3026,   0.0038, 0
B,   32, VAL,  0.9544,   0.1525,   0.1290, 1
B,   33, LEU,  0.0833,  -0.3330,   0.0018, 0
B,   34, GLU,  0.0285,  -0.3635,   0.0006, 0
B,   35, GLU,  0.0696,  -0.3407,   0.0015, 0
B,   36, MET,  0.0618,  -0.3450,   0.0013, 0
B,   37, SER,  0.0657,  -0.3428,   0.0014, 0
B,   38, LEU,  0.2485,  -0.2409,   0.0100, 0
B,   39, PRO,  0.2742,  -0.2266,   0.0119, 0
B,   40, GLY,  0.0946,  -0.3267,   0.0022, 0
B,   41, ARG,  0.0691,  -0.3410,   0.0015, 0
B,   42, TRP,  0.1806,  -0.2788,   0.0058, 0
B,   43, LYS,  0.0640,  -0.3438,   0.0013, 0
B,   44, PRO,  0.0582,  -0.3470,   0.0012, 0
B,   45, LYS,  0.0501,  -0.3515,   0.0010, 0
B,   46, MET,  0.2519,  -0.2390,   0.0102, 0
B,   47, ILE,  0.9431,   0.1462,   0.1261, 1
B,   48, GLY,  1.2612,   0.3236,   0.2138, 1
B,   49, GLY,  1.5398,   0.4788,   0.2938, 1
B,   50, ILE,  5.5377,   2.7073,   0.8574, 1
B,   51, GLY,  0.1750,  -0.2819,   0.0055, 0
B,   52, GLY,  0.2325,  -0.2499,   0.0089, 0
B,   53, PHE,  0.3780,  -0.1688,   0.0212, 0
B,   54, ILE,  0.1860,  -0.2758,   0.0061, 0
B,   55, LYS,  0.1038,  -0.3216,   0.0025, 0
B,   56, VAL,  0.0390,  -0.3577,   0.0008, 0
B,   57, ARG,  0.1089,  -0.3188,   0.0026, 0
B,   58, GLN,  0.0266,  -0.3646,   0.0006, 0
B,   59, TYR,  0.0930,  -0.3276,   0.0021, 0
B,   60, ASP,  0.0540,  -0.3494,   0.0011, 0
B,   61, GLN,  0.0980,  -0.3248,   0.0023, 0
B,   62, ILE,  0.1808,  -0.2787,   0.0058, 0
B,   63, LEU,  0.3334,  -0.1937,   0.0169, 0
B,   64, ILE,  0.1988,  -0.2687,   0.0068, 0
B,   65, GLU,  0.0750,  -0.3377,   0.0016, 0
B,   66, ILE,  0.1238,  -0.3105,   0.0032, 0
B,   67, CSO,  0.1645,  -0.2878,   0.0050, 0
B,   68, GLY,  0.0638,  -0.3439,   0.0013, 0
B,   69, HIS,  0.0555,  -0.3485,   0.0011, 0
B,   70, LYS,  0.0188,  -0.3690,   0.0005, 0
B,   71, ALA,  0.0096,  -0.3741,   0.0003, 0
B,   72, ILE,  0.0748,  -0.3378,   0.0016, 0
B,   73, GLY,  0.0615,  -0.3452,   0.0013, 0
B,   74, THR,  0.0823,  -0.3336,   0.0018, 0
B,   75, VAL,  0.0833,  -0.3330,   0.0018, 0
B,   76, LEU,  0.0739,  -0.3383,   0.0016, 0
B,   77, VAL,  0.0356,  -0.3596,   0.0007, 0
B,   78, GLY,  0.0104,  -0.3737,   0.0004, 0
B,   79, PRO,  0.0324,  -0.3614,   0.0007, 0
B,   80, THR,  0.7362,   0.0309,   0.0772, 0
B,   81, PRO,  0.3768,  -0.1694,   0.0211, 1
B,   82, VAL,  0.7037,   0.0128,   0.0704, 1
B,   83, ASN,  0.0437,  -0.3551,   0.0009, 0
B,   84, ILE,  4.3358,   2.0373,   0.7734, 1
B,   85, ILE,  0.0833,  -0.3330,   0.0018, 0
B,   86, GLY,  0.0007,  -0.3791,   0.0002, 0
B,   87, ARG,  0.0308,  -0.3623,   0.0007, 0
B,   88, ASN,  0.0895,  -0.3296,   0.0020, 0
B,   89, LEU,  0.1335,  -0.3050,   0.0036, 0
B,   90, LEU,  0.0670,  -0.3421,   0.0014, 0
B,   91, THR,  0.1183,  -0.3135,   0.0030, 0
B,   92, GLN,  0.1422,  -0.3002,   0.0040, 0
B,   93, ILE,  0.0404,  -0.3570,   0.0008, 0
B,   94, GLY,  0.0864,  -0.3313,   0.0019, 0
B,   95, ALA,  0.0753,  -0.3375,   0.0016, 0
B,   96, THR,  0.1307,  -0.3066,   0.0035, 0
B,   97, LEU,  0.0941,  -0.3270,   0.0021, 0
B,   98, ASN,  0.0843,  -0.3324,   0.0019, 0
B,   99, PHE,  0.2911,  -0.2172,   0.0133, 0
